Date,Open,High,Low,Close,Adj Close,Volume
2023-02-28,210.589996,211.229996,203.750000,205.710007,205.710007,153144900
2023-03-01,206.210007,207.199997,198.520004,202.770004,202.770004,156852800
2023-03-02,186.740005,193.750000,186.009995,190.899994,190.899994,181500700
2023-03-03,194.800003,200.479996,192.880005,197.789993,197.789993,154193300
2023-03-06,198.539993,198.600006,192.300003,193.809998,193.809998,128100100
2023-03-07,191.380005,194.199997,186.100006,187.710007,187.710007,148125800
2023-03-08,185.039993,186.500000,180.000000,182.000000,182.000000,151897800
2023-03-09,180.250000,185.179993,172.509995,172.919998,172.919998,170023800
2023-03-10,175.130005,178.289993,168.440002,173.440002,173.440002,191488900
2023-03-13,167.460007,177.350006,163.910004,174.479996,174.479996,167790300
2023-03-14,177.309998,183.800003,177.139999,183.259995,183.259995,143717900
2023-03-15,180.800003,182.339996,176.029999,180.449997,180.449997,145995600
2023-03-16,180.369995,185.809998,178.839996,184.130005,184.130005,121136800
2023-03-17,184.520004,186.220001,177.330002,180.130005,180.130005,133197100
2023-03-20,178.080002,186.440002,176.350006,183.250000,183.250000,129684400
2023-03-21,188.279999,198.000000,188.039993,197.580002,197.580002,153391400
2023-03-22,199.300003,200.660004,190.949997,191.149994,191.149994,150376400
2023-03-23,195.259995,199.309998,188.649994,192.220001,192.220001,144193900
2023-03-24,191.649994,192.360001,187.149994,190.410004,190.410004,116312400
2023-03-27,194.419998,197.389999,189.940002,191.809998,191.809998,120851600
2023-03-28,192.000000,192.350006,185.429993,189.190002,189.190002,98654600
2023-03-29,193.130005,195.289993,189.440002,193.880005,193.880005,123660000
2023-03-30,195.580002,197.330002,194.419998,195.279999,195.279999,110252200
2023-03-31,197.529999,207.789993,197.199997,207.460007,207.460007,170222100
2023-04-03,199.910004,202.690002,192.199997,194.770004,194.770004,169545900
2023-04-04,197.320007,198.740005,190.320007,192.580002,192.580002,126463800
2023-04-05,190.520004,190.679993,183.759995,185.520004,185.520004,133882500
2023-04-06,183.080002,186.389999,179.740005,185.059998,185.059998,123857900
2023-04-10,179.940002,185.100006,176.110001,184.509995,184.509995,142154600
2023-04-11,186.690002,189.190002,185.649994,186.789993,186.789993,115770900
2023-04-12,190.740005,191.580002,180.309998,180.539993,180.539993,150256300
2023-04-13,182.960007,186.500000,180.940002,185.899994,185.899994,112933000
2023-04-14,183.949997,186.279999,182.009995,185.000000,185.000000,96438700
2023-04-17,186.320007,189.690002,182.690002,187.039993,187.039993,116662200
2023-04-18,187.149994,187.690002,183.580002,184.309998,184.309998,92067000
2023-04-19,179.100006,183.500000,177.649994,180.589996,180.589996,125732700
2023-04-20,166.169998,169.699997,160.559998,162.990005,162.990005,210970800
2023-04-21,164.800003,166.000000,161.320007,165.080002,165.080002,123539000
2023-04-24,164.649994,165.649994,158.610001,162.550003,162.550003,140006600
2023-04-25,159.820007,163.470001,158.750000,160.669998,160.669998,121999300
2023-04-26,160.289993,160.669998,153.139999,153.750000,153.750000,153364100
2023-04-27,152.639999,160.479996,152.369995,160.190002,160.190002,127015200
2023-04-28,160.899994,165.000000,157.320007,164.309998,164.309998,122515800
2023-05-01,163.169998,163.279999,158.830002,161.830002,161.830002,109015000
2023-05-02,161.880005,165.490005,158.929993,160.309998,160.309998,128259700
2023-05-03,160.009995,165.000000,159.910004,160.610001,160.610001,119728000
2023-05-04,162.710007,162.949997,159.649994,161.199997,161.199997,95108500
2023-05-05,163.970001,170.789993,163.509995,170.059998,170.059998,107440900
2023-05-08,173.720001,173.800003,169.190002,171.789993,171.789993,112249400
2023-05-09,168.949997,169.820007,166.559998,169.149994,169.149994,88965000
2023-05-10,172.550003,174.429993,166.679993,168.539993,168.539993,119840700
2023-05-11,168.699997,173.570007,166.789993,172.080002,172.080002,103889900
2023-05-12,176.070007,177.380005,167.229996,167.979996,167.979996,157577100
2023-05-15,167.660004,169.759995,164.550003,166.350006,166.350006,105592500
2023-05-16,165.649994,169.520004,164.350006,166.520004,166.520004,98288800
2023-05-17,168.410004,174.500000,167.190002,173.860001,173.860001,125473600
2023-05-18,174.220001,177.059998,172.449997,176.889999,176.889999,109520300
2023-05-19,177.169998,181.949997,176.309998,180.139999,180.139999,136024200
2023-05-22,180.699997,189.320007,180.110001,188.869995,188.869995,132001400
2023-05-23,186.199997,192.960007,185.259995,185.770004,185.770004,156952100
2023-05-24,182.229996,184.220001,178.220001,182.899994,182.899994,137605100
2023-05-25,186.539993,186.779999,180.580002,184.470001,184.470001,96870700
2023-05-26,184.619995,198.600006,184.529999,193.169998,193.169998,162061500
2023-05-30,200.100006,204.479996,197.529999,201.160004,201.160004,128818700
2023-05-31,199.779999,203.949997,195.119995,203.929993,203.929993,150711700
2023-06-01,202.589996,209.800003,199.369995,207.520004,207.520004,148029900
2023-06-02,210.149994,217.250000,209.750000,213.970001,213.970001,164129000
2023-06-05,217.800003,221.289993,214.520004,217.610001,217.610001,151143100
2023-06-06,216.139999,221.910004,212.529999,221.309998,221.309998,146911600
2023-06-07,228.000000,230.830002,223.199997,224.570007,224.570007,185710800
2023-06-08,224.220001,235.229996,223.009995,234.860001,234.860001,164489700
2023-06-09,249.070007,252.419998,242.020004,244.399994,244.399994,199882300
2023-06-12,247.940002,250.970001,244.589996,249.830002,249.830002,150337900
2023-06-13,253.509995,259.679993,251.339996,258.709991,258.709991,162384300
2023-06-14,260.170013,261.570007,250.500000,256.790009,256.790009,170575500
2023-06-15,248.399994,258.950012,247.289993,255.899994,255.899994,160171200
2023-06-16,258.920013,263.600006,257.209991,260.540009,260.540009,167563700
2023-06-20,261.500000,274.750000,261.119995,274.450012,274.450012,165611200
2023-06-21,275.130005,276.989990,257.779999,259.459991,259.459991,211797100
2023-06-22,250.770004,265.000000,248.250000,264.609985,264.609985,166875900
2023-06-23,259.290009,262.450012,252.800003,256.600006,256.600006,176584100
2023-06-26,250.070007,258.369995,240.699997,241.050003,241.050003,179990600
2023-06-27,243.240005,250.389999,240.850006,250.210007,250.210007,164968200
2023-06-28,249.699997,259.880005,248.889999,256.239990,256.239990,159770800
2023-06-29,258.029999,260.739990,253.610001,257.500000,257.500000,131283400
2023-06-30,260.600006,264.450012,259.890015,261.769989,261.769989,112267600
2023-07-03,276.489990,284.250000,275.109985,279.820007,279.820007,119685900
2023-07-05,278.820007,283.850006,277.600006,282.480011,282.480011,131530900
2023-07-06,278.089996,279.970001,272.880005,276.540009,276.540009,120332100
2023-07-07,278.429993,280.779999,273.769989,274.429993,274.429993,113602000